<?xml version="1.0" encoding="UTF-8"?>
<!--
   Copyright (c) 2015, WSO2 Inc. (http://www.wso2.org) All Rights Reserved.
   WSO2 Inc. licenses this file to you under the Apache License,
   Version 2.0 (the "License"); you may not use this file except
   in compliance with the License.
   You may obtain a copy of the License at

   http://www.apache.org/licenses/LICENSE-2.0

   Unless required by applicable law or agreed to in writing,
   software distributed under the License is distributed on an
   "AS IS" BASIS, WITHOUT WARRANTIES OR CONDITIONS OF ANY
   KIND, either express or implied.  See the License for the
   specific language governing permissions and limitations
   under the License.
-->

<template xmlns="http://ws.apache.org/ns/synapse" name="getAccountVerifyCredentials">
    <parameter name="includeEmail " description="Use of this parameter requires white listing.
        When set to true email will be returned in the user objects as a string. If the user does not have an email address on their account, or if the email address is un-verified, null will be returned."/>
    <parameter name="skipStatus"
               description="When set to either true, t or 1 statuses will not be included in the returned user objects."/>
    <parameter name="includeUserEntities"
               description="The user object entities node will be disincluded when set to false."/>
    <sequence>

        <class name="org.wso2.carbon.connector.twitter.RemoveTwitterContext"/>

        <property name="uni.var.includeEmail" expression="$func:includeEmail"/>
        <property name="uri.var.skipStatus" expression="$func:skipStatus"/>
        <property name="uni.var.includeUserEntities" expression="$func:includeUserEntities"/>

        <script language="js">
            <![CDATA[
				// optional url param variables
				var includeEmail  = mc.getProperty('uni.var.includeEmail');
			    var skipStatus  = mc.getProperty('uri.var.skipStatus');
			    var includeUserEntities  = mc.getProperty('uni.var.includeUserEntities');

				var uriParams = '';

				if (includeEmail != null && includeEmail != "") {
					uriParams += 'includeEmail=' + includeEmail + '&';
					includeEmail = 'include_email=' + encodeURIComponent(includeEmail);
					mc.setProperty('uri.var.includeEmail', includeEmail)
				}
				if (skipStatus != null && skipStatus != "") {
					uriParams += 'skip_status=' + skipStatus + '&';
					skipStatus = 'skip_status=' + encodeURIComponent(skipStatus);
					mc.setProperty('uri.var.skipStatus', skipStatus)
				}
			    if (includeUserEntities != null && includeUserEntities != "") {
					uriParams += 'include_user_entities=' + includeUserEntities + '&';
					includeUserEntities = 'include_user_entities=' + encodeURIComponent(includeUserEntities);
					mc.setProperty('uri.var.includeUserEntities', includeUserEntities)
				}

				if(uriParams != ''){
					mc.setProperty('uri.var.uriParams' , uriParams.substring(0, uriParams.length-1));
				}
			]]>
        </script>

        <property name="uri.var.apiUrl.final"
                  expression="fn:concat(get-property('uri.var.apiUrl'),'/1.1/account/verify_credentials.json')"/>

        <property name="uri.var.httpMethod"
                  value="GET"/>

        <class name="org.wso2.carbon.connector.twitter.TwitterSignatureGeneration"/>

        <header name="Authorization" expression="get-property('uri.var.signature')"
                scope="transport"/>

        <call>
            <endpoint>
                <http method="get"
                      uri-template="legacy-encoding:{uri.var.apiUrl}/1.1/account/verify_credentials.json?{uri.var.uriParams}"/>
            </endpoint>
        </call>

        <!-- Remove custom header information in response -->
        <header name="x-access-level" scope="transport" action="remove"/>
        <header name="x-twitter-response-tags" scope="transport" action="remove"/>
        <header name="x-transaction" scope="transport" action="remove"/>
        <header name="x-response-time" scope="transport" action="remove"/>
        <header name="x-connection-hash" scope="transport" action="remove"/>
        <header name="x-content-type-options" scope="transport" action="remove"/>
        <header name="x-frame-options" scope="transport" action="remove"/>
        <header name="x-rate-limit-limit" scope="transport" action="remove"/>
        <header name="x-rate-limit-remaining" scope="transport" action="remove"/>
        <header name="x-rate-limit-reset" scope="transport" action="remove"/>
        <header name="x-xss-protection" scope="transport" action="remove"/>

    </sequence>
</template>