<?xml version="1.0" encoding="UTF-8"?>
<!--
   Copyright (c) 2015, WSO2 Inc. (http://www.wso2.org) All Rights Reserved.
   WSO2 Inc. licenses this file to you under the Apache License,
   Version 2.0 (the "License"); you may not use this file except
   in compliance with the License.
   You may obtain a copy of the License at

   http://www.apache.org/licenses/LICENSE-2.0

   Unless required by applicable law or agreed to in writing,
   software distributed under the License is distributed on an
   "AS IS" BASIS, WITHOUT WARRANTIES OR CONDITIONS OF ANY
   KIND, either express or implied.  See the License for the
   specific language governing permissions and limitations
   under the License.
-->

<template xmlns="http://ws.apache.org/ns/synapse" name="getFriendshipsShow">
    <parameter name="sourceId" description="The user_id of the subject user." />
    <parameter name="sourceScreenName" description="The screen_name of the subject user."/>
    <parameter name="targetId" description="The user_id of the target user."/>
    <parameter name="targetScreenName" description="The screen_name of the target user." />
    <sequence>

        <class name="org.wso2.carbon.connector.twitter.RemoveTwitterContext"/>

        <property name="uri.var.sourceId" expression="$func:sourceId" />
        <property name="uri.var.sourceScreenName" expression="$func:sourceScreenName" />
        <property name="uri.var.targetId" expression="$func:targetId" />
        <property name="uri.var.targetScreenName" expression="$func:targetScreenName" />


        <script language="js">
            <![CDATA[
				// optional url param variables
				var sourceId = mc.getProperty('uri.var.sourceId');
				var sourceScreenName = mc.getProperty('uri.var.sourceScreenName');
				var targetId  = mc.getProperty('uri.var.targetId');
			    var targetScreenName  = mc.getProperty('uri.var.targetScreenName');

				var uriParams = '';

				if (sourceId != null && sourceId != "") {
					uriParams = 'source_id=' + sourceId + '&';
					sourceId = 'source_id=' + encodeURIComponent(sourceId);
					mc.setProperty('uri.var.sourceId', sourceId)
				}
				if (sourceScreenName != null && sourceScreenName != "") {
					uriParams += 'source_screen_name=' + sourceScreenName + '&';
					sourceScreenName = 'source_screen_name=' + encodeURIComponent(sourceScreenName);
					mc.setProperty('uri.var.sourceScreenName', sourceScreenName)
				}
				if (targetId != null && targetId != "") {
					uriParams += 'target_id=' + targetId + '&';
					targetId = 'target_id=' + encodeURIComponent(targetId);
					mc.setProperty('uri.var.targetId', targetId)
				}
				if (targetScreenName != null && targetScreenName != "") {
					uriParams += 'target_screen_name=' + targetScreenName + '&';
					targetScreenName = 'target_screen_name=' + encodeURIComponent(targetScreenName);
					mc.setProperty('uri.var.targetScreenName', targetScreenName)
				}


				if(uriParams != ''){
					mc.setProperty('uri.var.uriParams' , uriParams.substring(0, uriParams.length-1));
				}
			]]>
        </script>

        <property name="uri.var.apiUrl.final"
                  expression="fn:concat(get-property('uri.var.apiUrl'),'/1.1/friendships/show.json')"/>

        <property name="uri.var.httpMethod"
                  value="GET"/>

        <class name="org.wso2.carbon.connector.twitter.TwitterSignatureGeneration"/>

        <header name="Authorization" expression="get-property('uri.var.signature')"
                scope="transport"/>

        <call>
            <endpoint>
                <http method="get"
                      uri-template="legacy-encoding:{uri.var.apiUrl}/1.1/friendships/show.json?{uri.var.uriParams}"/>
            </endpoint>
        </call>

        <!-- Remove custom header information in response -->
        <header name="x-access-level" scope="transport" action="remove"/>
        <header name="x-twitter-response-tags" scope="transport" action="remove"/>
        <header name="x-transaction" scope="transport" action="remove"/>
        <header name="x-response-time" scope="transport" action="remove"/>
        <header name="x-connection-hash" scope="transport" action="remove"/>
        <header name="x-content-type-options" scope="transport" action="remove"/>
        <header name="x-frame-options" scope="transport" action="remove"/>
        <header name="x-rate-limit-limit" scope="transport" action="remove"/>
        <header name="x-rate-limit-remaining" scope="transport" action="remove"/>
        <header name="x-rate-limit-reset" scope="transport" action="remove"/>
        <header name="x-xss-protection" scope="transport" action="remove"/>

    </sequence>
</template>