<?xml version="1.0" encoding="UTF-8"?>
<!--
   Copyright (c) 2015, WSO2 Inc. (http://www.wso2.org) All Rights Reserved.
   WSO2 Inc. licenses this file to you under the Apache License,
   Version 2.0 (the "License"); you may not use this file except
   in compliance with the License.
   You may obtain a copy of the License at

   http://www.apache.org/licenses/LICENSE-2.0

   Unless required by applicable law or agreed to in writing,
   software distributed under the License is distributed on an
   "AS IS" BASIS, WITHOUT WARRANTIES OR CONDITIONS OF ANY
   KIND, either express or implied.  See the License for the
   specific language governing permissions and limitations
   under the License.
-->

<template xmlns="http://ws.apache.org/ns/synapse" name="getApplicationRateLimitStatus">
    <parameter name="resources" description="A comma-separated list of resource families you want to know the current rate limit disposition for.
               For best performance, only specify the resource families pertinent to your application."/>
    <sequence>

        <class name="org.wso2.carbon.connector.twitter.RemoveTwitterContext"/>

        <property name="uri.var.resources" expression="$func:resources"/>

        <script language="js">
            <![CDATA[
				// optional url param variables
				var resources = mc.getProperty('uri.var.resources');

				var uriParams = '';

				if (resources != null && resources != "") {
					uriParams = 'resources=' + resources + '&';
					resources = 'resources=' + encodeURIComponent(resources);
					mc.setProperty('uri.var.resources', resources);
				}

				if(uriParams != ''){
					mc.setProperty('uri.var.uriParams' , uriParams.substring(0, uriParams.length-1));
				}
			]]>
        </script>

        <property name="uri.var.apiUrl.final"
                  expression="fn:concat(get-property('uri.var.apiUrl'),'/1.1/application/rate_limit_status.json')"/>

        <property name="uri.var.httpMethod"
                  value="GET"/>

        <class name="org.wso2.carbon.connector.twitter.TwitterSignatureGeneration"/>

        <header name="Authorization" expression="get-property('uri.var.signature')"
                scope="transport"/>

        <call>
            <endpoint>
                <http method="get"
                      uri-template="legacy-encoding:{uri.var.apiUrl}/1.1/application/rate_limit_status.json?{uri.var.uriParams}"/>
            </endpoint>
        </call>

        <!-- Remove custom header information in response -->
        <header name="x-access-level" scope="transport" action="remove"/>
        <header name="x-twitter-response-tags" scope="transport" action="remove"/>
        <header name="x-transaction" scope="transport" action="remove"/>
        <header name="x-response-time" scope="transport" action="remove"/>
        <header name="x-connection-hash" scope="transport" action="remove"/>
        <header name="x-content-type-options" scope="transport" action="remove"/>
        <header name="x-frame-options" scope="transport" action="remove"/>
        <header name="x-rate-limit-limit" scope="transport" action="remove"/>
        <header name="x-rate-limit-remaining" scope="transport" action="remove"/>
        <header name="x-rate-limit-reset" scope="transport" action="remove"/>
        <header name="x-xss-protection" scope="transport" action="remove"/>

    </sequence>
</template>