<?xml version="1.0" encoding="UTF-8"?>
<!--
   Copyright (c) 2015, WSO2 Inc. (http://www.wso2.org) All Rights Reserved.
   WSO2 Inc. licenses this file to you under the Apache License,
   Version 2.0 (the "License"); you may not use this file except
   in compliance with the License.
   You may obtain a copy of the License at

   http://www.apache.org/licenses/LICENSE-2.0

   Unless required by applicable law or agreed to in writing,
   software distributed under the License is distributed on an
   "AS IS" BASIS, WITHOUT WARRANTIES OR CONDITIONS OF ANY
   KIND, either express or implied.  See the License for the
   specific language governing permissions and limitations
   under the License.
-->

<component name="twitter-search" type="synapse/template">
    <subComponents>
        <component name="getSearchTweets">
            <file>getSearchTweets.xml</file>
            <description>Returns a collection of relevant Tweets matching a specified query.</description>
        </component>
        <component name="getSavedSearchesList">
            <file>getSavedSearchesList.xml</file>
            <description>Returns the authenticated user’s saved search queries.</description>
        </component>
        <component name="createSavedSearches">
            <file>createSavedSearches.xml</file>
            <description>Create a new saved search for the authenticated user. A user may only have 25 saved searches.</description>
        </component>
       <component name="getUsersSearch">
            <file>getUsersSearch.xml</file>
            <description>Provides a simple, relevance-based search interface to public user accounts on Twitter. Try
                querying by topical interest, full name, company name, location, or other criteria. Exact match searches
                are not supported.
                Only the first 1,000 matching results are available.
            </description>
        </component>
    </subComponents>
</component>
