<?xml version="1.0" encoding="UTF-8"?>
<!--
   Copyright (c) 2015, WSO2 Inc. (http://www.wso2.org) All Rights Reserved.
   WSO2 Inc. licenses this file to you under the Apache License,
   Version 2.0 (the "License"); you may not use this file except
   in compliance with the License.
   You may obtain a copy of the License at

   http://www.apache.org/licenses/LICENSE-2.0

   Unless required by applicable law or agreed to in writing,
   software distributed under the License is distributed on an
   "AS IS" BASIS, WITHOUT WARRANTIES OR CONDITIONS OF ANY
   KIND, either express or implied.  See the License for the
   specific language governing permissions and limitations
   under the License.
-->

<component name="twitter-blocks" type="synapse/template">
    <subComponents>
        <component name="getBlockIds">
            <file>getBlockIds.xml</file>
            <description>Returns an array of numeric user ids the authenticating user is blocking.</description>
        </component>
        <component name="getBlocksList">
            <file>getBlocksList.xml</file>
            <description>Returns a collection of user objects that the authenticating user is blocking.</description>
        </component>
        <component name="blockUser">
            <file>blockUser.xml</file>
            <description>Blocks the specified user from following the authenticating user. In addition the blocked user
                will not show in the authenticating users mentions or timeline (unless retweeted by another user). If a
                follow or friend relationship exists it is destroyed.
            </description>
        </component>
        <component name="destroyBlock">
            <file>destroyBlock.xml</file>
            <description>Un-blocks the user specified in the ID parameter for the authenticating user. Returns the
                un-blocked user in the requested format when successful. If relationships existed before the block was
                instated, they will not be restored.
            </description>
        </component>
    </subComponents>
</component>
