<?xml version="1.0" encoding="UTF-8"?>
<!--
   Copyright (c) 2015, WSO2 Inc. (http://www.wso2.org) All Rights Reserved.
   WSO2 Inc. licenses this file to you under the Apache License,
   Version 2.0 (the "License"); you may not use this file except
   in compliance with the License.
   You may obtain a copy of the License at

   http://www.apache.org/licenses/LICENSE-2.0

   Unless required by applicable law or agreed to in writing,
   software distributed under the License is distributed on an
   "AS IS" BASIS, WITHOUT WARRANTIES OR CONDITIONS OF ANY
   KIND, either express or implied.  See the License for the
   specific language governing permissions and limitations
   under the License.
-->

<component name="twitter-account" type="synapse/template">
    <subComponents>
        <component name="getAccountSettings">
            <file>getAccountSettings.xml</file>
            <description>Returns settings (including current trend, geo and sleep time information) for the
                authenticating user.
            </description>
        </component>
        <component name="getAccountVerifyCredentials">
            <file>getAccountVerifyCredentials.xml</file>
            <description>Returns an HTTP 200 OK response code and a representation of the requesting user if
                authentication was successful; returns a 401 status code and an error message if not. Use this method to
                test if supplied user credentials are valid.
            </description>
        </component>
    </subComponents>
</component>
